8
U00001,Ernest Day,"547 Hickory Street, Easley, SC 29640",ernest@example.com,,ernest,ernest456,Inactive
U00002,Jamal Rowe,"8610 Cherry Street, Batavia, OH 45103",jamal@example.com,[Product Manager],jamal,jamal123,Active
U00003,Bronwen Hills,"999 Brown Road, San Pablo, CA 94806",bronwen@example.com,[Administrator][Product Manager],bronwen,bronwen123,Active
U00004,Louisa Mcintyre,"57 Sutor Court, Kingston, NY 12401",louisa@example.com,[Administrator],louisa,louisa123,Inactive
U00005,Jake Lindsey,"9 Broad Street, Pompano Beach, FL 33060",jake@example.com,[Product Manager],jake,jake123,Active
U00006,Kelly Clarkson,"407 S. Ridgeview Street Annandale, VA 22003",kelly@example.com,[Product Manager],kelly,kelly123,Active
U00007,Grace,jalan 2,grace@example.com,[Product Manager],grace,grace123,Active
